PktID,Time,DecoyNode,Water,Reward,Enemy0Deceived,Enemy1Deceived,Suspicion_E0,Suspicion_E1
4,2,0,CLEAR,15,0,0,0,0
11,3.4,1,CLEAR,15,0,0,0,0
13,3.8,2,MURKY,15,0,0,0,0
16,4.4,1,CLEAR,15,1,0,0.2,1
18,4.8,2,MURKY,15,1,0,0,1
23,5.8,2,MURKY,15,1,0,0,2
33,7.8,2,MURKY,15,1,0,0,3
36,8.4,1,CLEAR,18,1,1,0.4,1.2
38,8.8,2,MURKY,15,1,1,0,3.2
40,9.2,3,MURKY,15,1,1,0,0.2
45,10,3,MURKY,15,1,1,0,1.2
46,10,1,CLEAR,18,1,1,0.6,2.2
51,11,1,CLEAR,18,1,1,1.6,2.4
53,12,2,MURKY,15,1,1,0,4.2
56,12,1,CLEAR,18,1,1,2.6,3.4
58,13,2,MURKY,15,1,1,0,5.2
61,13,1,CLEAR,18,1,1,2.8,3.6
62,14,4,CLEAR,15,1,1,0,0
63,14,2,MURKY,2,1,1,0,5.2
66,14,1,CLEAR,18,1,1,3,4.6
74,16,0,CLEAR,15,1,1,0.2,0
75,16,3,MURKY,15,1,1,0,2.2
76,16,1,CLEAR,18,1,1,3.2,5.6
77,17,4,CLEAR,15,1,1,0,0
81,17,1,CLEAR,2,1,1,3.4,5.6
85,18,3,MURKY,15,1,1,0,2.4
86,18,1,CLEAR,2,1,1,3.6,5.6
90,19,3,MURKY,15,1,1,0,2.6
92,20,4,CLEAR,15,1,1,0,0
93,20,2,MURKY,2,1,1,0,5.2
96,20,1,CLEAR,2,1,1,3.8,5.6
99,21,0,CLEAR,15,1,1,0.4,0.2
100,21,3,MURKY,15,1,1,0,2.8
103,22,2,MURKY,2,1,1,0,5.2
108,23,2,MURKY,2,1,1,0,5.2
109,23,0,CLEAR,15,1,1,0.6,1.2
110,23,3,MURKY,15,1,1,0,3.8
111,23,1,CLEAR,2,1,1,4.8,5.6
113,24,2,MURKY,2,1,1,0,5.2
115,24,3,MURKY,15,1,1,0,4
118,25,2,MURKY,2,1,1,0,5.2
120,25,3,MURKY,15,1,1,0,4.2
121,25,1,CLEAR,2,1,1,5.8,5.6
125,26,3,MURKY,15,1,1,0,5.2
132,28,4,CLEAR,15,1,1,0,0
133,28,2,MURKY,2,1,1,0,5.2
135,28,3,MURKY,2,1,1,0,5.2
136,28,1,CLEAR,2,1,1,5.8,5.6
138,29,2,MURKY,2,1,1,0,5.2
141,29,1,CLEAR,2,1,1,5.8,5.6
145,30,3,MURKY,2,1,1,0,5.2
146,30,1,CLEAR,2,1,1,5.8,5.6
151,31,1,CLEAR,2,1,1,5.8,5.6
155,32,3,MURKY,2,1,1,0,5.2
156,32,1,CLEAR,2,1,1,5.8,5.6
158,33,2,MURKY,2,1,1,0,5.2
163,34,2,MURKY,2,1,1,0,5.2
165,34,3,MURKY,2,1,1,0,5.2
166,34,1,CLEAR,2,1,1,5.8,5.6
168,35,2,MURKY,2,1,1,0,5.2
169,35,0,CLEAR,15,1,1,0.8,2.2
170,35,3,MURKY,2,1,1,0,5.2
171,35,1,CLEAR,2,1,1,5.8,5.6
175,36,3,MURKY,2,1,1,0,5.2
176,36,1,CLEAR,2,1,1,5.8,5.6
177,37,4,CLEAR,15,1,1,0,0
178,37,2,MURKY,2,1,1,0,5.2
180,37,3,MURKY,2,1,1,0,5.2
181,37,1,CLEAR,2,1,1,5.8,5.6
185,38,3,MURKY,2,1,1,0,5.2
186,38,1,CLEAR,2,1,1,5.8,5.6
195,40,3,MURKY,2,1,1,0,5.2
197,41,4,CLEAR,15,1,1,0,0
200,41,3,MURKY,2,1,1,0,5.2
204,42,0,CLEAR,15,1,1,1,3.2
205,42,3,MURKY,2,1,1,0,5.2
206,42,1,CLEAR,2,1,1,5.8,5.6
208,43,2,MURKY,2,1,1,0,5.2
209,43,0,CLEAR,15,1,1,1.2,4.2
215,44,3,MURKY,2,1,1,0,5.2
220,45,3,MURKY,2,1,1,0,5.2
223,46,2,MURKY,2,1,1,0,5.2
225,46,3,MURKY,2,1,1,0,5.2
229,47,0,CLEAR,15,1,1,2.2,5.2
230,47,3,MURKY,2,1,1,0,5.2
235,48,3,MURKY,2,1,1,0,5.2
236,48,1,CLEAR,2,1,1,5.8,5.6
238,49,2,MURKY,2,1,1,0,5.2
240,49,3,MURKY,2,1,1,0,5.2
242,50,4,CLEAR,15,1,1,0,0
250,51,3,MURKY,15,1,1,0,1.2
255,52,3,MURKY,18,1,1,0,1.4
256,52,1,MURKY,2,1,1,5.8,1.3
260,53,3,MURKY,18,1,1,0,1.6
265,54,3,MURKY,18,1,1,0,2.6
268,55,2,MURKY,15,1,1,0,2
269,55,0,MURKY,15,1,1,2.4,1.2
270,55,3,MURKY,18,1,1,0,2.8
273,56,2,MURKY,15,1,1,0,2.2
275,56,3,MURKY,18,1,1,0,3
276,56,1,MURKY,2,1,1,5.8,1.5
278,57,2,MURKY,15,1,1,0,2.4
280,57,3,MURKY,18,1,1,0,4
283,58,2,MURKY,15,1,1,0,2.6
285,58,3,MURKY,18,1,1,0,4.2
288,59,2,MURKY,15,1,1,0,2.8
289,59,0,MURKY,15,1,1,2.6,2.2
290,59,3,MURKY,18,1,1,0,5.2
293,60,2,MURKY,15,1,1,0,3
295,60,3,MURKY,2,1,1,0,5.2
298,61,2,MURKY,15,1,1,0,3.2
299,61,0,MURKY,15,1,1,3.6,3.2
300,61,3,MURKY,2,1,1,0,5.2
303,62,2,MURKY,15,1,1,0,3.4
304,62,0,MURKY,15,1,1,3.8,4.2
305,62,3,MURKY,2,1,1,0,5.2
308,63,2,MURKY,15,1,1,0,3.6
309,63,0,MURKY,15,1,1,4.8,5.2
310,63,3,MURKY,2,1,1,0,5.2
313,64,2,MURKY,15,1,1,0,4.6
314,64,0,MURKY,2,1,1,5,5.2
315,64,3,MURKY,2,1,1,0,5.2
319,65,0,MURKY,2,1,1,5,5.2
320,65,3,MURKY,2,1,1,0,5.2
323,66,2,MURKY,15,1,1,0,4.8
324,66,0,MURKY,2,1,1,5,5.2
325,66,3,MURKY,2,1,1,0,5.2
328,67,2,MURKY,15,1,1,0,5.8
329,67,0,MURKY,2,1,1,5,5.2
330,67,3,MURKY,2,1,1,0,5.2
333,68,2,MURKY,2,1,1,0,5.8
334,68,0,MURKY,2,1,1,5,5.2
335,68,3,MURKY,2,1,1,0,5.2
337,69,4,CLEAR,15,1,1,0,0
338,69,2,MURKY,2,1,1,0,5.8
339,69,0,MURKY,2,1,1,5,5.2
340,69,3,MURKY,2,1,1,0,5.2
343,70,2,MURKY,2,1,1,0,5.8
344,70,0,MURKY,2,1,1,5,5.2
345,70,3,MURKY,2,1,1,0,5.2
348,71,2,MURKY,2,1,1,0,5.8
349,71,0,MURKY,2,1,1,5,5.2
353,72,2,MURKY,2,1,1,0,5.8
355,72,3,MURKY,2,1,1,0,5.2
356,72,1,MURKY,2,1,1,5.8,2.5
360,73,3,MURKY,2,1,1,0,5.2
363,74,2,MURKY,2,1,1,0,5.8
364,74,0,MURKY,2,1,1,5,5.2
365,74,3,MURKY,2,1,1,0,5.2
368,75,2,MURKY,2,1,1,0,5.8
370,75,3,MURKY,2,1,1,0,5.2
373,76,2,MURKY,2,1,1,0,5.8
375,76,3,MURKY,2,1,1,0,5.2
378,77,2,MURKY,2,1,1,0,5.8
381,77,1,MURKY,2,1,1,5.8,2.7
383,78,2,MURKY,2,1,1,0,5.8
385,78,3,MURKY,2,1,1,0,5.2
388,79,2,MURKY,2,1,1,0,5.8
390,79,3,MURKY,2,1,1,0,5.2
394,80,0,MURKY,2,1,1,5,5.2
401,81,1,MURKY,2,1,1,5.8,2.9
428,87,2,CLEAR,2,1,1,0,5.8
431,87,1,MURKY,2,1,1,5.8,3.9
448,91,2,CLEAR,2,1,1,0,5.8
479,97,0,MURKY,2,1,1,5,5.2
488,99,2,CLEAR,2,1,1,0,5.8
494,1e+02,0,MURKY,2,1,1,5,5.2
530,1.1e+02,3,PRISTINE,2,0,1,0,5.2
543,1.1e+02,2,PRISTINE,2,1,1,0.2,5.8
548,1.1e+02,2,PRISTINE,2,1,1,0.4,5.8
593,1.2e+02,2,PRISTINE,2,1,1,0.6,5.8
599,1.2e+02,0,CLEAR,2,1,1,2,5.2
635,1.3e+02,3,PRISTINE,2,1,1,1,5.2
647,1.3e+02,4,CLEAR,15,1,1,0,0.2
704,1.4e+02,0,CLEAR,2,1,1,2.2,5.2
719,1.4e+02,0,CLEAR,2,1,1,3.2,5.2
729,1.5e+02,0,CLEAR,2,1,1,3.4,5.2
750,1.5e+02,3,PRISTINE,15,1,0,1.2,2
793,1.6e+02,2,PRISTINE,18,1,1,0.8,1.4
798,1.6e+02,2,PRISTINE,18,1,1,1.8,2.4
900,1.8e+02,3,PRISTINE,15,1,1,1.4,2.2
928,1.9e+02,2,MURKY,18,1,1,2,3.4
933,1.9e+02,2,MURKY,18,1,1,2.2,4.4
938,1.9e+02,2,MURKY,18,1,1,2.4,4.6
943,1.9e+02,2,MURKY,18,1,1,2.6,4.8
945,1.9e+02,3,PRISTINE,15,1,1,1.6,3.2
948,1.9e+02,2,MURKY,18,1,1,3.6,5
953,1.9e+02,2,MURKY,18,1,1,3.8,5.2
958,1.9e+02,2,MURKY,2,1,1,4,5.2
960,1.9e+02,3,PRISTINE,15,1,1,2.6,3.4
963,1.9e+02,2,MURKY,2,1,1,4.2,5.2
966,1.9e+02,1,MURKY,15,1,1,1.4,0.98
968,1.9e+02,2,MURKY,2,1,1,5.2,5.2
971,2e+02,1,MURKY,15,1,1,2.4,1.2
973,2e+02,2,MURKY,2,1,1,5.2,5.2
976,2e+02,1,MURKY,15,1,1,2.6,1.4
978,2e+02,2,MURKY,2,1,1,5.2,5.2
981,2e+02,1,MURKY,15,1,1,2.8,2.4
983,2e+02,2,MURKY,2,1,1,5.2,5.2
986,2e+02,1,MURKY,15,1,1,3,3.4
988,2e+02,2,MURKY,2,1,1,5.2,5.2
991,2e+02,1,MURKY,15,1,1,3.2,4.4
993,2e+02,2,MURKY,2,1,1,5.2,5.2
995,2e+02,3,MURKY,15,1,1,0.72,3.6
996,2e+02,1,MURKY,15,1,1,0.63,5.4
1000,2e+02,3,MURKY,18,1,1,0.92,3.8
1001,2e+02,1,MURKY,2,1,1,0.63,5.4
1003,2e+02,2,MURKY,2,1,1,1.2,5.2
1005,2e+02,3,MURKY,18,1,1,1.1,4
1006,2e+02,1,MURKY,2,1,1,0.63,5.4
1010,2e+02,3,MURKY,18,1,1,2.1,4.2
1011,2e+02,1,MURKY,2,1,1,0.63,5.4
1013,2e+02,2,MURKY,2,1,1,1.4,5.2
1015,2e+02,3,MURKY,18,1,1,3.1,4.4
1016,2e+02,1,MURKY,2,1,1,0.63,5.4
1020,2.1e+02,3,MURKY,18,1,1,3.3,5.4
1021,2.1e+02,1,MURKY,2,1,1,0.63,5.4
1023,2.1e+02,2,MURKY,2,1,1,1.6,5.2
1025,2.1e+02,3,MURKY,2,1,1,3.5,5.4
1026,2.1e+02,1,MURKY,2,1,1,0.63,5.4
1030,2.1e+02,3,MURKY,2,1,1,3.7,5.4
1031,2.1e+02,1,MURKY,2,1,1,0.63,5.4
1033,2.1e+02,2,MURKY,2,1,1,1.8,5.2
1036,2.1e+02,1,MURKY,2,1,1,0.63,5.4
1040,2.1e+02,3,MURKY,2,1,1,4.7,5.4
1041,2.1e+02,1,MURKY,2,1,1,0.63,5.4
1046,2.1e+02,1,MURKY,2,1,1,0.63,5.4
1048,2.1e+02,2,MURKY,2,1,1,2,5.2
1051,2.1e+02,1,MURKY,2,1,1,0.63,5.4
1055,2.1e+02,3,MURKY,2,1,1,4.9,5.4
1056,2.1e+02,1,MURKY,2,1,1,0.63,5.4
1058,2.1e+02,2,MURKY,2,1,1,2.2,5.2
1061,2.1e+02,1,MURKY,2,1,1,0.63,5.4
1065,2.1e+02,3,MURKY,2,1,1,5.9,5.4
1066,2.1e+02,1,MURKY,2,1,1,0.63,5.4
1068,2.1e+02,2,MURKY,2,1,1,2.4,5.2
1071,2.2e+02,1,MURKY,2,1,1,0.63,5.4
1075,2.2e+02,3,MURKY,2,1,1,5.9,5.4
1076,2.2e+02,1,MURKY,2,1,1,0.63,5.4
1081,2.2e+02,1,MURKY,2,1,1,0.63,5.4
1083,2.2e+02,2,MURKY,2,1,1,2.6,5.2
1085,2.2e+02,3,MURKY,2,1,1,5.9,5.4
1092,2.2e+02,4,MURKY,15,1,1,1,0.04
1096,2.2e+02,1,MURKY,2,1,1,0.63,5.4
1098,2.2e+02,2,MURKY,2,1,1,2.8,5.2
1105,2.2e+02,3,MURKY,2,1,1,5.9,5.4
1113,2.2e+02,2,MURKY,2,1,1,3,5.2
1120,2.3e+02,3,MURKY,2,1,1,5.9,5.4
1121,2.3e+02,1,MURKY,2,1,1,0.63,5.4
1128,2.3e+02,2,MURKY,2,1,1,3.2,5.2
1140,2.3e+02,3,MURKY,2,1,1,5.9,5.4
1153,2.3e+02,2,MURKY,2,1,1,3.4,5.2
1168,2.3e+02,2,MURKY,2,1,1,4.4,5.2
1175,2.4e+02,3,MURKY,2,1,1,5.9,5.4
1202,2.4e+02,4,MURKY,15,1,1,1.2,0.04
1255,2.5e+02,3,MURKY,15,1,1,1.4,1.3
1260,2.5e+02,3,MURKY,18,1,1,1.6,2.3
1265,2.5e+02,3,MURKY,18,1,1,1.8,3.3
1270,2.6e+02,3,MURKY,18,1,1,2,3.5
1275,2.6e+02,3,MURKY,18,1,1,3,4.5
1276,2.6e+02,1,MURKY,15,1,1,0.13,1.3
1278,2.6e+02,2,MURKY,15,1,1,1.9,2
1280,2.6e+02,3,MURKY,18,1,1,3.2,5.5
1281,2.6e+02,1,MURKY,15,1,1,0.13,1.5
1283,2.6e+02,2,MURKY,15,1,1,2.1,2.2
1285,2.6e+02,3,MURKY,2,1,1,4.2,5.5
1286,2.6e+02,1,MURKY,15,1,1,0.13,2.5
1288,2.6e+02,2,MURKY,15,1,1,2.3,2.4
1290,2.6e+02,3,MURKY,2,1,1,4.4,5.5
1291,2.6e+02,1,MURKY,15,1,1,0.13,2.7
1293,2.6e+02,2,MURKY,15,1,1,3.3,2.6
1295,2.6e+02,3,MURKY,2,1,1,5.4,5.5
1296,2.6e+02,1,MURKY,15,1,1,0.13,2.9
1298,2.6e+02,2,MURKY,15,1,1,3.5,2.8
1300,2.6e+02,3,MURKY,2,1,1,5.4,5.5
1301,2.6e+02,1,MURKY,15,1,1,0.13,3.9
1303,2.6e+02,2,MURKY,15,1,1,3.7,3
1305,2.6e+02,3,MURKY,2,1,1,5.4,5.5
1306,2.6e+02,1,MURKY,15,1,1,0.13,4.1
1308,2.6e+02,2,MURKY,15,1,1,3.9,3.2
1313,2.6e+02,2,MURKY,15,1,1,4.9,4.2
1315,2.6e+02,3,MURKY,2,1,1,5.4,5.5
1316,2.6e+02,1,MURKY,15,1,1,0.13,5.1
1320,2.7e+02,3,MURKY,2,1,1,5.4,5.5
1321,2.7e+02,1,MURKY,2,1,1,0.13,5.1
1323,2.7e+02,2,MURKY,15,1,1,5.1,4.4
1326,2.7e+02,1,MURKY,2,1,1,0.13,5.1
1328,2.7e+02,2,MURKY,2,1,1,5.1,5.4
1330,2.7e+02,3,MURKY,2,1,1,5.4,5.5
1331,2.7e+02,1,MURKY,2,1,1,0.13,5.1
1333,2.7e+02,2,MURKY,2,1,1,5.1,5.4
1335,2.7e+02,3,MURKY,2,1,1,5.4,5.5
1336,2.7e+02,1,MURKY,2,1,1,0.13,5.1
1338,2.7e+02,2,MURKY,2,1,1,5.1,5.4
1340,2.7e+02,3,MURKY,2,1,1,5.4,5.5
1341,2.7e+02,1,MURKY,2,1,1,0.13,5.1
1343,2.7e+02,2,MURKY,2,1,1,5.1,5.4
1345,2.7e+02,3,MURKY,2,1,1,5.4,5.5
1346,2.7e+02,1,MURKY,2,1,1,0.13,5.1
1348,2.7e+02,2,MURKY,2,1,1,5.1,5.4
1350,2.7e+02,3,MURKY,2,1,1,5.4,5.5
1351,2.7e+02,1,MURKY,2,1,1,0.13,5.1
1353,2.7e+02,2,MURKY,2,1,1,5.1,5.4
1356,2.7e+02,1,MURKY,2,1,1,0.13,5.1
1361,2.7e+02,1,MURKY,2,1,1,0.13,5.1
1362,2.7e+02,4,MURKY,15,1,1,0.44,0.008
1363,2.7e+02,2,MURKY,2,1,1,5.1,5.4
1366,2.7e+02,1,MURKY,2,1,1,0.13,5.1
1368,2.7e+02,2,MURKY,2,1,1,5.1,5.4
1371,2.8e+02,1,MURKY,2,1,1,0.13,5.1
1373,2.8e+02,2,MURKY,2,1,1,5.1,5.4
1376,2.8e+02,1,MURKY,2,1,1,0.13,5.1
1377,2.8e+02,4,MURKY,15,1,1,1.4,0.008
1381,2.8e+02,1,MURKY,2,1,1,0.13,5.1
1382,2.8e+02,4,MURKY,15,1,1,1.6,0.008
1386,2.8e+02,1,MURKY,2,1,1,0.13,5.1
1387,2.8e+02,4,MURKY,15,1,1,2.6,0.008
1391,2.8e+02,1,MURKY,2,1,1,0.13,5.1
1392,2.8e+02,4,MURKY,15,1,1,2.8,0.008
1396,2.8e+02,1,MURKY,2,1,1,0.13,5.1
1397,2.8e+02,4,MURKY,15,1,1,3,0.008
1400,2.8e+02,3,MURKY,2,1,1,5.4,5.5
1401,2.8e+02,1,MURKY,2,1,1,0.13,5.1
1402,2.8e+02,4,MURKY,15,1,1,3.2,0.008
1406,2.8e+02,1,MURKY,2,1,1,0.13,5.1
1407,2.8e+02,4,MURKY,15,1,1,3.4,0.008
1412,2.8e+02,4,MURKY,15,1,1,3.6,0.008
1417,2.8e+02,4,MURKY,15,1,1,4.6,0.008
1422,2.9e+02,4,MURKY,15,1,1,5.6,0.008
1427,2.9e+02,4,MURKY,2,1,1,5.6,0.008
1432,2.9e+02,4,MURKY,2,1,1,5.6,0.008
1437,2.9e+02,4,MURKY,2,1,1,5.6,0.008
1442,2.9e+02,4,MURKY,2,1,1,5.6,0.008
1447,2.9e+02,4,MURKY,2,1,1,5.6,0.008
1452,2.9e+02,4,MURKY,2,1,1,5.6,0.008
1457,2.9e+02,4,MURKY,2,1,1,5.6,0.008
1462,2.9e+02,4,MURKY,2,1,1,5.6,0.008
1467,2.9e+02,4,MURKY,2,1,1,5.6,0.008
1520,3.1e+02,3,MURKY,2,1,1,1.3,5.5
1565,3.1e+02,3,MURKY,2,1,1,1.5,5.5
1578,3.2e+02,2,PRISTINE,2,1,1,2,5.4
1590,3.2e+02,3,MURKY,2,1,1,1.7,5.5
1711,3.4e+02,1,CLEAR,2,1,1,0.025,5.1
1778,3.6e+02,2,PRISTINE,15,1,1,2.2,1.3
1780,3.6e+02,3,MURKY,18,1,1,1.9,1.3
1785,3.6e+02,3,MURKY,18,1,1,2.1,1.5
1792,3.6e+02,4,MURKY,15,1,1,2.1,0.2
1795,3.6e+02,3,MURKY,18,1,1,2.3,1.7
1797,3.6e+02,4,MURKY,15,1,1,2.3,0.4
1799,3.6e+02,0,CLEAR,15,1,1,0.027,0.24
1800,3.6e+02,3,MURKY,18,1,1,2.5,1.9
1802,3.6e+02,4,MURKY,15,1,1,3.3,0.6
1805,3.6e+02,3,MURKY,18,1,1,2.7,2.1
1807,3.6e+02,4,MURKY,15,1,1,3.5,0.8
1810,3.6e+02,3,MURKY,18,1,1,2.9,3.1
1812,3.6e+02,4,MURKY,15,1,1,3.7,1
1815,3.6e+02,3,MURKY,18,1,1,3.1,4.1
1817,3.6e+02,4,MURKY,15,1,1,4.7,1.2
1820,3.7e+02,3,MURKY,18,1,1,3.3,4.3
1822,3.7e+02,4,MURKY,15,1,1,4.9,1.4
1825,3.7e+02,3,MURKY,18,1,1,4.3,4.5
1827,3.7e+02,4,MURKY,15,1,1,5.9,1.6
1830,3.7e+02,3,MURKY,18,1,1,4.5,4.7
1832,3.7e+02,4,MURKY,2,1,1,5.9,1.8
1837,3.7e+02,4,MURKY,2,1,1,5.9,2
1840,3.7e+02,3,MURKY,18,1,1,4.7,4.9
1842,3.7e+02,4,MURKY,2,1,1,5.9,3
1889,3.8e+02,0,CLEAR,15,1,1,0.027,1.2
1938,3.9e+02,2,PRISTINE,18,1,1,2.4,2.3
2103,4.2e+02,2,HAZY,18,0,1,1.5,2.5
2108,4.2e+02,2,HAZY,18,1,1,1.7,3.5
2113,4.2e+02,2,HAZY,18,1,1,2.7,3.7
2118,4.2e+02,2,HAZY,18,1,1,2.9,4.7
2123,4.3e+02,2,HAZY,18,1,1,3.9,4.9
2128,4.3e+02,2,HAZY,18,1,1,4.1,5.9
2133,4.3e+02,2,HAZY,2,1,1,4.3,5.9
2138,4.3e+02,2,HAZY,2,1,1,4.5,5.9
2143,4.3e+02,2,HAZY,2,1,1,4.7,5.9
2148,4.3e+02,2,HAZY,2,1,1,4.9,5.9
2153,4.3e+02,2,HAZY,2,1,1,5.1,5.9
2158,4.3e+02,2,HAZY,2,1,1,5.1,5.9
2162,4.3e+02,4,CLEAR,15,1,1,1.4,3.2
2163,4.3e+02,2,HAZY,2,1,1,5.1,5.9
2173,4.4e+02,2,HAZY,2,1,1,5.1,5.9
2178,4.4e+02,2,HAZY,2,1,1,5.1,5.9
2183,4.4e+02,2,HAZY,2,1,1,5.1,5.9
2184,4.4e+02,0,CLEAR,3,1,1,0.21,2.2
2188,4.4e+02,2,HAZY,2,1,1,5.1,5.9
2189,4.4e+02,0,CLEAR,3,1,1,1.2,2.4
2193,4.4e+02,2,HAZY,2,1,1,5.1,5.9
2198,4.4e+02,2,HAZY,2,1,1,5.1,5.9
2201,4.4e+02,1,HAZY,15,1,1,0.21,2
2203,4.4e+02,2,HAZY,2,1,1,5.1,5.9
2208,4.4e+02,2,HAZY,2,1,1,5.1,5.9
2213,4.4e+02,2,HAZY,2,1,1,5.1,5.9
2216,4.4e+02,1,HAZY,15,1,1,0.41,3
2218,4.4e+02,2,HAZY,2,1,1,5.1,5.9
2221,4.5e+02,1,HAZY,15,1,1,1.4,4
2223,4.5e+02,2,HAZY,2,1,1,5.1,5.9
2226,4.5e+02,1,HAZY,15,1,1,2.4,4.2
2228,4.5e+02,2,HAZY,2,1,1,5.1,5.9
2231,4.5e+02,1,HAZY,15,1,1,2.6,4.4
2233,4.5e+02,2,HAZY,2,1,1,5.1,5.9
2236,4.5e+02,1,HAZY,15,1,1,2.8,4.6
2238,4.5e+02,2,HAZY,2,1,1,5.1,5.9
2241,4.5e+02,1,HAZY,15,1,1,3.8,5.6
2243,4.5e+02,2,HAZY,2,1,1,5.1,5.9
2246,4.5e+02,1,HAZY,15,1,0,0.96,2.1
2248,4.5e+02,2,HAZY,15,1,1,1.2,1.4
2251,4.5e+02,1,HAZY,18,1,1,2,2.3
2253,4.5e+02,2,HAZY,18,1,1,1.4,2.4
2256,4.5e+02,1,HAZY,18,1,1,3,2.5
2258,4.5e+02,2,HAZY,18,1,1,2.4,3.4
2261,4.5e+02,1,HAZY,18,1,1,3.2,2.7
2263,4.5e+02,2,HAZY,18,1,1,2.6,3.6
2266,4.5e+02,1,HAZY,18,1,1,3.4,2.9
2268,4.5e+02,2,HAZY,18,1,1,2.8,3.8
2271,4.6e+02,1,HAZY,18,1,1,4.4,3.9
2273,4.6e+02,2,HAZY,18,1,1,3,4
2276,4.6e+02,1,HAZY,18,1,1,5.4,4.1
2278,4.6e+02,2,HAZY,18,1,1,3.2,5
2281,4.6e+02,1,HAZY,2,1,1,5.4,4.3
2283,4.6e+02,2,HAZY,18,1,1,3.4,6
2286,4.6e+02,1,HAZY,2,1,1,5.4,4.5
2288,4.6e+02,2,HAZY,2,1,1,3.6,6
2291,4.6e+02,1,HAZY,2,1,1,5.4,5.5
2293,4.6e+02,2,HAZY,2,1,1,3.8,6
2296,4.6e+02,1,HAZY,2,1,1,5.4,5.5
2298,4.6e+02,2,HAZY,2,1,1,4.8,6
2301,4.6e+02,1,HAZY,2,1,1,5.4,5.5
2303,4.6e+02,2,HAZY,2,1,1,5.8,6
2306,4.6e+02,1,HAZY,2,1,1,5.4,5.5
2308,4.6e+02,2,HAZY,2,1,1,5.8,6
2311,4.6e+02,1,HAZY,2,1,1,5.4,5.5
2313,4.6e+02,2,HAZY,2,1,1,5.8,6
2316,4.6e+02,1,HAZY,2,1,1,5.4,5.5
2318,4.6e+02,2,HAZY,2,1,1,5.8,6
2321,4.7e+02,1,HAZY,2,1,1,5.4,5.5
2323,4.7e+02,2,HAZY,2,1,1,5.8,6
2326,4.7e+02,1,HAZY,2,1,1,5.4,5.5
2328,4.7e+02,2,HAZY,2,1,1,5.8,6
2331,4.7e+02,1,HAZY,2,1,1,5.4,5.5
2333,4.7e+02,2,HAZY,2,1,1,5.8,6
2336,4.7e+02,1,HAZY,2,1,1,5.4,5.5
2338,4.7e+02,2,HAZY,2,1,1,5.8,6
2341,4.7e+02,1,HAZY,2,1,1,5.4,5.5
2343,4.7e+02,2,HAZY,2,1,1,5.8,6
2346,4.7e+02,1,HAZY,2,1,1,5.4,5.5
2348,4.7e+02,2,HAZY,2,1,1,5.8,6
2351,4.7e+02,1,HAZY,2,1,1,5.4,5.5
2352,4.7e+02,4,CLEAR,15,1,1,0.28,0.64
2353,4.7e+02,2,HAZY,2,1,1,5.8,6
2358,4.7e+02,2,HAZY,2,1,1,5.8,6
2363,4.7e+02,2,HAZY,2,1,1,5.8,6
2368,4.7e+02,2,HAZY,2,1,1,5.8,6
2373,4.8e+02,2,HAZY,2,1,1,5.8,6
2378,4.8e+02,2,HAZY,2,1,1,5.8,6
2383,4.8e+02,2,HAZY,2,1,1,5.8,6
2388,4.8e+02,2,HAZY,2,1,1,5.8,6
2393,4.8e+02,2,HAZY,2,1,1,5.8,6
2440,4.9e+02,3,THERMAL,15,1,1,0.19,1.2
2469,5e+02,0,MURKY,15,1,1,1.2,1.5
2480,5e+02,3,THERMAL,15,1,1,0.19,1.4
2590,5.2e+02,3,THERMAL,15,1,1,0.24,2.4
2595,5.2e+02,3,THERMAL,18,1,1,0.44,0.68
2600,5.2e+02,3,THERMAL,18,1,1,0.64,1.7
2605,5.2e+02,3,THERMAL,18,1,1,0.84,1.9
2610,5.2e+02,3,THERMAL,18,1,1,1,2.1
2613,5.2e+02,2,THERMAL,15,1,1,1.4,1.4
2615,5.2e+02,3,THERMAL,18,1,1,2,2.3
2620,5.3e+02,3,THERMAL,18,1,1,2.2,2.5
2625,5.3e+02,3,THERMAL,18,1,1,2.4,2.7
2630,5.3e+02,3,THERMAL,18,1,1,2.6,2.9
2635,5.3e+02,3,THERMAL,18,1,1,3.6,3.1
2640,5.3e+02,3,THERMAL,18,1,1,3.8,3.3
2641,5.3e+02,1,HAZY,15,1,1,1.1,1.3
2645,5.3e+02,3,THERMAL,18,1,1,4,3.5
2646,5.3e+02,1,HAZY,15,1,1,1.1,2.3
2650,5.3e+02,3,THERMAL,18,1,1,4.2,4.5
2651,5.3e+02,1,HAZY,15,1,1,1.1,2.5
2655,5.3e+02,3,THERMAL,18,1,1,4.4,4.7
2656,5.3e+02,1,HAZY,15,1,1,1.1,3.5
2660,5.3e+02,3,THERMAL,18,1,1,4.6,4.9
2661,5.3e+02,1,HAZY,15,1,1,1.1,3.7
2665,5.3e+02,3,THERMAL,18,1,1,5.6,5.1
2666,5.3e+02,1,HAZY,15,1,1,1.1,3.9
2670,5.4e+02,3,THERMAL,2,1,1,5.6,5.1
2671,5.4e+02,1,HAZY,15,1,1,1.1,4.1
2675,5.4e+02,3,THERMAL,2,1,1,5.6,5.1
2676,5.4e+02,1,HAZY,15,1,1,1.1,4.3
2678,5.4e+02,2,THERMAL,15,1,1,1.6,1.6
2680,5.4e+02,3,THERMAL,2,1,1,5.6,5.1
2681,5.4e+02,1,HAZY,15,1,1,1.1,4.5
2685,5.4e+02,3,THERMAL,2,1,1,5.6,5.1
2690,5.4e+02,3,THERMAL,2,1,1,5.6,5.1
2691,5.4e+02,1,HAZY,15,1,1,1.1,5.5
2696,5.4e+02,1,HAZY,2,1,1,1.1,5.5
2700,5.4e+02,3,MURKY,2,1,1,5.6,5.1
2701,5.4e+02,1,HAZY,2,1,1,1.1,5.5
2705,5.4e+02,3,MURKY,2,1,1,5.6,5.1
2706,5.4e+02,1,HAZY,2,1,1,1.1,5.5
2710,5.4e+02,3,MURKY,2,1,1,5.6,5.1
2711,5.4e+02,1,HAZY,2,1,1,1.1,5.5
2715,5.4e+02,3,MURKY,2,1,1,5.6,5.1
2716,5.4e+02,1,HAZY,2,1,1,1.1,5.5
2720,5.5e+02,3,MURKY,2,1,1,5.6,5.1
2721,5.5e+02,1,HAZY,2,1,1,1.1,5.5
2725,5.5e+02,3,MURKY,2,1,1,5.6,5.1
2726,5.5e+02,1,HAZY,2,1,1,1.1,5.5
2730,5.5e+02,3,MURKY,2,1,1,5.6,5.1
2731,5.5e+02,1,HAZY,2,1,1,1.1,5.5
2735,5.5e+02,3,MURKY,2,1,1,5.6,5.1
2736,5.5e+02,1,HAZY,2,1,1,1.1,5.5
2740,5.5e+02,3,MURKY,2,1,1,5.6,5.1
2741,5.5e+02,1,HAZY,2,1,1,1.1,5.5
2745,5.5e+02,3,MURKY,2,1,1,5.6,5.1
2746,5.5e+02,1,HAZY,2,1,1,1.1,5.5
2750,5.5e+02,3,MURKY,2,1,1,5.6,5.1
2752,5.5e+02,4,CLEAR,15,1,1,0.26,0.13
2755,5.5e+02,3,MURKY,2,1,1,5.6,5.1
2756,5.5e+02,1,HAZY,2,1,1,1.1,5.5
2760,5.5e+02,3,MURKY,2,1,1,5.6,5.1
2761,5.5e+02,1,HAZY,2,1,1,1.1,5.5
2765,5.5e+02,3,MURKY,2,1,1,5.6,5.1
2766,5.5e+02,1,HAZY,2,1,1,1.1,5.5
2770,5.6e+02,3,MURKY,2,1,1,5.6,5.1
2775,5.6e+02,3,MURKY,2,1,1,5.6,5.1
2780,5.6e+02,3,MURKY,2,1,1,5.6,5.1
2781,5.6e+02,1,HAZY,2,1,1,1.1,5.5
2785,5.6e+02,3,MURKY,2,1,1,5.6,5.1
2790,5.6e+02,3,MURKY,2,1,1,5.6,5.1
2795,5.6e+02,3,MURKY,2,1,1,5.6,5.1
2800,5.6e+02,3,MURKY,2,1,1,5.6,5.1
2805,5.6e+02,3,MURKY,2,1,1,5.6,5.1
2810,5.6e+02,3,MURKY,2,1,1,5.6,5.1
2815,5.6e+02,3,MURKY,2,1,1,5.6,5.1
2820,5.7e+02,3,MURKY,2,1,1,5.6,5.1
2825,5.7e+02,3,MURKY,2,1,1,5.6,5.1
2830,5.7e+02,3,MURKY,2,1,1,5.6,5.1
2835,5.7e+02,3,MURKY,2,1,1,5.6,5.1
2840,5.7e+02,3,MURKY,2,1,1,5.6,5.1
2845,5.7e+02,3,MURKY,2,1,1,5.6,5.1
2850,5.7e+02,3,MURKY,2,1,1,5.6,5.1
2855,5.7e+02,3,MURKY,2,1,1,5.6,5.1
2860,5.7e+02,3,MURKY,2,1,1,5.6,5.1
2865,5.7e+02,3,MURKY,2,1,1,5.6,5.1
2870,5.8e+02,3,MURKY,2,1,1,5.6,5.1
2875,5.8e+02,3,MURKY,2,1,1,5.6,5.1
2880,5.8e+02,3,MURKY,2,1,1,5.6,5.1
2885,5.8e+02,3,MURKY,2,1,1,5.6,5.1
2890,5.8e+02,3,MURKY,2,1,1,5.6,5.1
2895,5.8e+02,3,MURKY,2,1,1,5.6,5.1
2900,5.8e+02,3,MURKY,2,1,1,5.6,5.1
2905,5.8e+02,3,MURKY,2,1,1,5.6,5.1
2907,5.8e+02,4,CLEAR,15,1,1,0.46,0.13
2910,5.8e+02,3,MURKY,2,1,1,5.6,5.1
2915,5.8e+02,3,MURKY,2,1,1,5.6,5.1
2920,5.9e+02,3,MURKY,2,1,1,5.6,5.1
2925,5.9e+02,3,MURKY,2,1,1,5.6,5.1
2930,5.9e+02,3,MURKY,2,1,1,5.6,5.1
2935,5.9e+02,3,MURKY,2,1,1,5.6,5.1
2940,5.9e+02,3,MURKY,2,1,1,5.6,5.1
2945,5.9e+02,3,MURKY,2,1,1,5.6,5.1
2950,5.9e+02,3,MURKY,2,1,1,5.6,5.1
2951,5.9e+02,1,HAZY,2,1,1,1.1,5.5
2955,5.9e+02,3,MURKY,2,1,1,5.6,5.1
2960,5.9e+02,3,MURKY,2,1,1,5.6,5.1
2965,5.9e+02,3,MURKY,2,1,1,5.6,5.1
2970,6e+02,3,MURKY,2,1,1,5.6,5.1
2975,6e+02,3,MURKY,2,1,1,5.6,5.1
2980,6e+02,3,MURKY,2,1,1,5.6,5.1
2985,6e+02,3,MURKY,2,1,1,5.6,5.1
2987,6e+02,4,CLEAR,15,1,1,1.5,0.13
